rfm_segment,customers,avg_recency_days,avg_frequency,avg_monetary,total_gmv
Loyal Customers,41439,137.5447283959555,1.0212360336880717,128.6242573421176,5330060.600000012
At Risk,14780,392.4794316644114,1.0727334235453316,306.9187340144796,4535951.969999994
Champions,10830,77.93730378578024,1.1075715604801477,308.8294469067398,3344622.909999992
Dormant,20900,402.5938755980862,1.0,72.75854593301386,1520653.60999999
One-time / Mid Value,5173,272.7834912043302,1.0,127.95222501449857,661896.860000001
Potential Loyalists,236,2.580508474576271,1.0,124.05008474576276,29275.820000000007
